<?xml version="1.0" encoding="UTF-8"?>
<!DOCTYPE mapper PUBLIC "-//mybatis.org//DTD Mapper 3.0//EN" "http://mybatis.org/dtd/mybatis-3-mapper.dtd">
<mapper namespace="cn.jinxuebin.demodal.dao.ProductsMapper">
  <resultMap id="BaseResultMap" type="cn.jinxuebin.demodal.model.Products">
    <id column="ItemId" jdbcType="INTEGER" property="itemid" />
    <result column="ItemName" jdbcType="VARCHAR" property="itemname" />
    <result column="ItemDesc" jdbcType="VARCHAR" property="itemdesc" />
    <result column="Price" jdbcType="DOUBLE" property="price" />
    <result column="ShopId" jdbcType="INTEGER" property="shopid" />
  </resultMap>
  <sql id="Base_Column_List">
    ItemId, ItemName, ItemDesc, Price, ShopId
  </sql>
  <select id="selectByPrimaryKey" parameterType="java.lang.Integer" resultMap="BaseResultMap">
    select
    <include refid="Base_Column_List" />
    from Products
    where ItemId = #{itemid,jdbcType=INTEGER}
  </select>
  <delete id="deleteByPrimaryKey" parameterType="java.lang.Integer">
    delete from Products
    where ItemId = #{itemid,jdbcType=INTEGER}
  </delete>
  <insert id="insert" parameterType="cn.jinxuebin.demodal.model.Products">
    insert into Products (ItemId, ItemName, ItemDesc,
      Price, ShopId)
    values (#{itemid,jdbcType=INTEGER}, #{itemname,jdbcType=VARCHAR}, #{itemdesc,jdbcType=VARCHAR},
      #{price,jdbcType=DOUBLE}, #{shopid,jdbcType=INTEGER})
  </insert>
  <insert id="insertSelective" parameterType="cn.jinxuebin.demodal.model.Products">
    insert into Products
    <trim prefix="(" suffix=")" suffixOverrides=",">
      <if test="itemid != null">
        ItemId,
      </if>
      <if test="itemname != null">
        ItemName,
      </if>
      <if test="itemdesc != null">
        ItemDesc,
      </if>
      <if test="price != null">
        Price,
      </if>
      <if test="shopid != null">
        ShopId,
      </if>
    </trim>
    <trim prefix="values (" suffix=")" suffixOverrides=",">
      <if test="itemid != null">
        #{itemid,jdbcType=INTEGER},
      </if>
      <if test="itemname != null">
        #{itemname,jdbcType=VARCHAR},
      </if>
      <if test="itemdesc != null">
        #{itemdesc,jdbcType=VARCHAR},
      </if>
      <if test="price != null">
        #{price,jdbcType=DOUBLE},
      </if>
      <if test="shopid != null">
        #{shopid,jdbcType=INTEGER},
      </if>
    </trim>
  </insert>
  <update id="updateByPrimaryKeySelective" parameterType="cn.jinxuebin.demodal.model.Products">
    update Products
    <set>
      <if test="itemname != null">
        ItemName = #{itemname,jdbcType=VARCHAR},
      </if>
      <if test="itemdesc != null">
        ItemDesc = #{itemdesc,jdbcType=VARCHAR},
      </if>
      <if test="price != null">
        Price = #{price,jdbcType=DOUBLE},
      </if>
      <if test="shopid != null">
        ShopId = #{shopid,jdbcType=INTEGER},
      </if>
    </set>
    where ItemId = #{itemid,jdbcType=INTEGER}
  </update>
  <update id="updateByPrimaryKey" parameterType="cn.jinxuebin.demodal.model.Products">
    update Products
    set ItemName = #{itemname,jdbcType=VARCHAR},
      ItemDesc = #{itemdesc,jdbcType=VARCHAR},
      Price = #{price,jdbcType=DOUBLE},
      ShopId = #{shopid,jdbcType=INTEGER}
    where ItemId = #{itemid,jdbcType=INTEGER}
  </update>
</mapper>
